{"col0":{"0":0.5545501821,"1":0.5646157175,"2":0.9768170058},"col1":{"0":0.2931292516,"1":0.403567601,"2":0.6048162852},"col2":{"0":0.3568588474,"1":0.8825149908,"2":0.0573817303},"col3":{"0":0.5120591955,"1":0.7036183471,"2":0.9198201732},"col4":{"0":0.0759523787,"1":0.0204884536,"2":0.1772012657}}